{
    "start_time": 1757886823.9947054,
    "end_time": 1757887143.4056654,
    "duration_sec": 319.41095995903015,
    "latency_stats": {
        "latency_avg_ms": 41.3687799810394,
        "latency_min_ms": 24.18684959411621,
        "latency_max_ms": 1155.1361083984375,
        "latency_p50_ms": 36.35537624359131,
        "latency_p90_ms": 53.37653160095215,
        "latency_p99_ms": 81.45777463912964
    },
    "success_error_rate": {
        "success_rate_pct": 100.0,
        "error_rate_pct": 0.0
    },
    "k8s_usage": {
        "replica_count": 3,
        "cpu_total_m": 213,
        "mem_total_mi": 1695
    },
    "total_requests": 6150,
    "total_success": 6150,
    "total_errors": 0
}