{
    "start_time": 1755478217.3642015,
    "end_time": 1755478331.058791,
    "duration_sec": 113.69458937644958,
    "latency_stats": {
        "latency_avg_ms": 24.013917922973633,
        "latency_min_ms": 16.840219497680664,
        "latency_max_ms": 751.6000270843506,
        "latency_p50_ms": 21.77739143371582,
        "latency_p90_ms": 28.346943855285645,
        "latency_p99_ms": 39.51300859451294
    },
    "success_error_rate": {
        "success_rate_pct": 100.0,
        "error_rate_pct": 0.0
    },
    "k8s_usage": {
        "replica_count": 3,
        "cpu_total_m": 2676,
        "mem_total_mi": 651
    },
    "total_requests": 2000,
    "total_success": 2000,
    "total_errors": 0
}